Name,Email,Department,Phone
John Smith,john.smith@techcorp.local,Engineering,555-0101
Sarah Johnson,sarah.johnson@techcorp.local,Marketing,555-0102
Michael Chen,michael.chen@techcorp.local,IT,555-0103
Emily Davis,emily.davis@techcorp.local,Sales,555-0104
David Wilson,david.wilson@techcorp.local,Engineering,555-0105
admin,admin@techcorp.local,IT Administration,555-0001
developer,developer@techcorp.local,Development,555-0106
support,support@techcorp.local,Customer Support,555-0107
backupuser,backupuser@techcorp.local,IT Operations,555-0108
